<?xml version="1.0" encoding="UTF-8"?>

<simpleviewergallery
	
	galleryStyle="MODERN"
	title="SimpleViewer Gallery"
	textColor="FFFFFF"
	frameColor="FFFFFF"
	frameWidth="20"
	thumbPosition="LEFT"
	thumbColumns="3"
	thumbRows="3"
	showOpenButton="TRUE"
	showFullscreenButton="TRUE"	
	maxImageWidth="640"
	maxImageHeight="640"
	useFlickr="false"
	flickrUserName=""
	flickrTags=""
	languageCode="AUTO"
	languageList=""		
	imagePath="images/"
	thumbPath="thumbs/"
	
>

<image imageURL="images/wide.jpg" thumbURL="thumbs/wide.jpg" linkURL="" linkTarget="" >
	<caption><![CDATA[Welcome to <u><a href="http://www.simpleviewer.net" target="_blank">SimpleViewer</a></u>.]]></caption>	
</image>
<image imageURL="images/tall.jpg" thumbURL="thumbs/tall.jpg" linkURL="" linkTarget="" >
	<caption>SimpleViewer is a free, customizable image gallery. Use it to display your images on any web page in a professional, intuitive and simple way.</caption>	
</image>
<image imageURL="images/wide.jpg" thumbURL="thumbs/wide.jpg" linkURL="" linkTarget="" >
	<caption>SimpleViewer supports Universal Playback and can be viewed on Windows, Mac, Linux, iPhone, iPad and Android. Try it and see!</caption>	
</image>
<image imageURL="images/tall.jpg" thumbURL="thumbs/tall.jpg" linkURL="" linkTarget="" >
	<caption><![CDATA[Easily create SimpleViewer galleries using <u><a href="http://www.simpleviewer.net/simpleviewer/support/svbuilder" target="_blank">svBuilder</a></u>, our free desktop app.]]></caption>	
</image>
<image imageURL="images/wide.jpg" thumbURL="thumbs/wide.jpg" linkURL="" linkTarget="" >
	<caption>SimpleViewer features intuitive image navigation, smart image pre-loading and a resizable interface that scales to fit the browser window (try resizing your browser).</caption>	
</image>
<image imageURL="images/tall.jpg" thumbURL="thumbs/tall.jpg" linkURL="" linkTarget="" >
	<caption><![CDATA[Supports optional <b>fullscreen mode</b> and <b>external image links</b> via the Button Bar at top-right and the right-click menu.]]></caption>	
</image>
<image imageURL="images/wide.jpg" thumbURL="thumbs/wide.jpg" linkURL="http://www.simpleviewer.net" linkTarget="_blank" >
	<caption>This image use the linkURL attribute to link to a specific URL (use the arrow icon button at top-right to navigate).</caption>	
</image>
<image imageURL="images/tall.jpg" thumbURL="thumbs/tall.jpg" linkURL="" linkTarget="" >
	<caption><![CDATA[Captions can be HTML formatted. Supported tags are <b>bold</b>, <u>underline</u>, <i>italics</i>, <u><a href="http://www.simpleviewer.net" target="_blank">hyperlinks</a></u>, linebreaks<br> and <font color="#ffff00" size="30">font tags</font>]]></caption>	
</image>
<image imageURL="images/wide.jpg" thumbURL="thumbs/wide.jpg" linkURL="" linkTarget="" >
	<caption>Handles images with different aspect ratios. Images can be tall or wide.</caption>	
</image>
<image imageURL="images/tall.jpg" thumbURL="thumbs/tall.jpg" linkURL="" linkTarget="" >
	<caption>Images can be loaded via an XML document or directly from Flickr using a Flickr user name and/or tags..</caption>	
</image>
<image imageURL="images/wide.jpg" thumbURL="thumbs/wide.jpg" linkURL="" linkTarget="" >
	<caption>3 different standard gallery styles: Modern, Classic and Compact.</caption>	
</image>
<image imageURL="images/tall.jpg" thumbURL="thumbs/tall.jpg" linkURL="" linkTarget="" >
	<caption>Navigate through the images by clicking or using the keyboard: Cursor keys, Home, End, Page Up/Down.</caption>	
</image>
<image imageURL="images/wide.jpg" thumbURL="thumbs/wide.jpg" linkURL="" linkTarget="" >
	<caption><![CDATA[View available <u><a href="http://www.simpleviewer.net/simpleviewer/support/standard_options.html" target="_blank">configuration options</a></u>.]]></caption>	
</image>
<image imageURL="images/tall.jpg" thumbURL="thumbs/tall.jpg" linkURL="" linkTarget="" >
	<caption><![CDATA[Includes automatic international language support, and supports non-english characters<br><br>ンツを活用して広告収入を得ることが可能]]></caption>	
</image>
<image imageURL="images/wide.jpg" thumbURL="thumbs/wide.jpg" linkURL="" linkTarget="" >
	<caption><![CDATA[For SimpleViewer support and documentation, view the <u><a href="http://www.simpleviewer.net/simpleviewer/support" target="_blank">SimpleViewer Support Page</a></u>.]]></caption>	
</image>
<image imageURL="images/tall.jpg" thumbURL="thumbs/tall.jpg" linkURL="" linkTarget="" >
	<caption><![CDATA[For advanced customization options, no download link and more - upgrade to <br><u><a href="http://www.simpleviewer.net/simpleviewer/pro" target="_blank">SimpleViewer-Pro</a></u>.]]></caption>	
</image>
<image imageURL="images/wide.jpg" thumbURL="thumbs/wide.jpg" linkURL="" linkTarget="" >
	<caption></caption>	
</image>
<image imageURL="images/tall.jpg" thumbURL="thumbs/tall.jpg" linkURL="" linkTarget="" >
	<caption></caption>	
</image>
<image imageURL="images/wide.jpg" thumbURL="thumbs/wide.jpg" linkURL="" linkTarget="" >
	<caption></caption>	
</image>
<image imageURL="images/tall.jpg" thumbURL="thumbs/tall.jpg" linkURL="" linkTarget="" >
	<caption></caption>	
</image>
<image imageURL="images/wide.jpg" thumbURL="thumbs/wide.jpg" linkURL="" linkTarget="" >
	<caption></caption>	
</image>
<image imageURL="images/tall.jpg" thumbURL="thumbs/tall.jpg" linkURL="" linkTarget="" >
	<caption></caption>	
</image>
<image imageURL="images/wide.jpg" thumbURL="thumbs/wide.jpg" linkURL="" linkTarget="" >
	<caption></caption>	
</image>
</simpleviewergallery>